N5.txt,N4.txt,N3.txt,N2.txt,N1.txt
会う,あ,愛,あいかわらず,嗚呼
青,ああ,愛情,アイデア,相
青い,間,合図,あいまい,相変わらず
赤,合う,愛する,遭う,愛想
赤い,あかちゃん,相手,扇ぐ,相対
明るい,上る,あいにく,青白い,間柄
秋,赤ん坊,明かり,あかんぼう,愛憎
開く,空く,空き,明き,合間
開ける,あげる,明らか,あきれる,曖昧
上げる,浅い,諦める,アクセント,敢えて
朝,味,飽きる,あくび,仰ぐ
朝御飯,明日,握手,飽くまで,垢
あさって,遊び,悪魔,明け方,亜科
足,集る,明ける,揚げる,銅
明日,集める,預ける,挙げる,証
あそこ,謝る,汗,あげる,赤字
遊ぶ,安心,与える,憧れる,明かす
暖かい,安全,暖かい,足跡,赤ちゃん
頭,あんな,辺り,味わう,明白
新しい,以下,当たる,預かる,赤らむ
あちら,以外,あちこち,暖まる,明るい
暑い,医学,あっ,暖める,上がり
熱い,生きる,扱う,あたりまえ,上がる
厚い,意見,集まり,あちら,商人
あっち,石,当てる,あちらこちら,空間
後,いじめる,跡,厚かましい,諦め
あなた,以上,穴,圧縮,呆れる
兄,急ぐ,浴びる,宛名,悪
姉,致す,油,あてはまる,灰
あの,一度,余り,あてはめる,あくどい
あの,一生懸命,誤り,暴れる,悪日
アパート,いっぱい,粗い,脂,明くる
あびる,糸,嵐,あぶる,憧れ
危ない,以内,新た,あふれる,顎
甘い,田舎,あらゆる,雨戸,麻
あまり,祈る,表す,甘やかす,明後日
雨,いらっしゃる,現す,余る,朝寝坊
飴,植える,現れ,編物,浅ましい
洗う,受付,現れる,編む,字
ある,受ける,ありがとう,危うい,欺く
歩く,動く,有る,怪しい,鮮やか
あれ,うち,或,荒い,あざ笑う
いい,打つ,あるいは,粗い,味わい
いいえ,美しい,泡,あらすじ,東
言う,写す,合わせる,争う,焦る
家,移る,哀れ,改めて,彼処
いかが,腕,案,改める,値
行く,裏,暗記,著す,値する
いくつ,売り場,安定,有難い,私
いくら,うん,案内,在る,当たり
池,運転手,あんなに,あれこれ,当たり前
医者,枝,あんまり,あわただしい,他人
いす,選ぶ,胃,あわてる,彼方此方
忙しい,遠慮,委員,安易,彼方
痛い,おいでになる,いえ,案外,彼方此方
一,お祝い,意外,アンテナ,悪化
一日,おかげ,息,言い出す,呆気ない
いちばん,おかしい,行き,言い付ける,悪口
いつ,億,勢い,意義,あっさり
五日,屋上,生き物,生き生き,圧迫
一緒,贈り物,幾つ,いきなり,扱い
五つ,送る,幾ら,育児,集まる
いつも,遅れる,いけない,幾分,誂える
犬,起す,医師,生け花,圧力
今,行う,意思,以後,当て
意味,怒る,意志,以降,宛
妹,押し入れ,維持,イコール,当て字
嫌,お嬢さん,意識,勇ましい,当てはまる
入口,お宅,異常,衣食住,当てはめる
居る,落ちる,椅子,意地悪,宛てる
要る,おっしゃる,泉,いちいち,跡継ぎ
入れる,夫,いずれ,一応,後回し
色,おつり,以前,一段と,貴女
いろいろ,音,板,一流,彼の
上,落す,偉大,佚,溢れる
後ろ,踊り,抱く,一昨日,油絵
薄い,踊る,いたずら,一昨年,炙る
歌,驚く,いただきます,一斉,あべこべ
歌う,お祭り,頂く,一旦,甘える
生まれる,お見舞い,痛み,一定,甘口
海,お土産,至る,いってらっしゃい,雨具
売る,思い出す,市,いってまいります,天
煩い,思う,位置,いつのまにか,網
上着,おもちゃ,一時,移転,天地
絵,表,一度に,井戸,操る
映画,親,市場,緯度,あやふや
映画館,泳ぎ方,一番,従姉妹,危ぶむ
英語,下りる,一家,威張る,過ち
ええ,折る,いつか,嫌がる,誤る
駅,お礼,一種,いよいよ,歩み
エレベーター,折れる,一瞬,煎る,歩む
鉛筆,終わり,一生,炒る,あら
おいしい,海岸,一層,入れ物,予め
多い,会議,一体,インキ,荒らす
大きい,会議室,一致,インタビュー,粗筋
大きな,会場,いつでも,引力,争い
大勢,会話,一般,ウーマン,改まる
お母さん,帰り,一方,ウール,荒っぽい
お菓子,変える,いつまでも,ウエートレス,凡ゆる
お金,科学,いつも,植木,あられ
起きる,鏡,移動,飢える,現われ
置く,掛ける,従兄弟,浮ぶ,現われる
奥さん,飾る,稲,浮かべる,有難う
お酒,火事,居眠り,浮く,有様
お皿,ガス,命,承る,有りのまま
伯父,堅,違反,受取,或る
教える,形,衣服,受け持つ,或いは
伯父,片付ける,居間,薄暗い,彼此
押す,課長,今に,薄める,合わす
遅い,勝つ,今にも,打合せ,合わせ
お茶,家内,否,打ち消す,慌ただしい
お手洗い,悲しい,以来,討つ,慌てる
お父さん,必ず,依頼,うっかり,暗殺
弟,お金持ち,いらいら,映す,暗算
男,彼女,いらっしゃい,写る,暗示
男の子,壁,医療,映る,案じる
一昨日,髪,岩,うどん,安静
一昨年,噛む,祝い,有無,案の定
大人,通う,祝う,埋める,余り
おなか,彼,言わば,敬う,依
同じ,乾く,いわゆる,裏返す,良い
お兄さん,代わり,印刷,裏口,伊井
お姉さん,変わる,印象,占う,否
おばあさん,考える,引退,恨み,いい加減
伯母さん,関係,引用,恨む,言い訳
お風呂,看護師,魚,羨ましい,家出
お弁当,簡単,うがい,羨む,家主
覚える,気,伺う,売上,如何
おまわりさん,機会,受け取る,売り切れ,生かす
重い,危険,動かす,売り切れる,雷
おもしろい,聞こえる,兎,売行き,如何に
泳ぐ,汽車,牛,うろうろ,如何にも
降りる,技術,失う,運河,怒り
終る,季節,後ろ,うんと,怒る
音楽,規則,嘘,英文,歪む
女,きっと,疑う,英和,粋
女の子,絹,内,ええと,域外
外国,厳しい,宇宙,液体,意気込む
外国人,気分,撃つ,エチケット,経緯
会社,決る,移す,絵の具,行き違い
階段,君,訴える,エプロン,行き成り
買い物,決める,うなる,偉い,異議
買う,気持ち,奪う,宴会,いく
返す,着物,馬,園芸,軍
帰る,客,うまい,演劇,戦
かかる,急,生まれ,円周,育成
かぎ,急行,梅,遠足,幾多
書く,教育,裏切る,延長,活ける
学生,教会,得る,煙突,異見
かける,競争,嬉しい,追い掛ける,意向
傘,興味,売れる,追い越す,移行
貸す,近所,噂,オイル,いざ
風,具合,運,応援,碑
風邪,空気,運転,王女,衣装
家族,空港,運動,応ずる,意地
方,草,柄,応接,苛める
学校,首,永遠,応対,移住
カップ,雲,永久,往復,弄る
家庭,比べる,影響,欧米,何れ
角,くれる,営業,応用,異性
かばん,暮れる,衛星,オーケストラ,遺跡
花瓶,君,栄養,おおざっぱ,依然
紙,毛,笑顔,大通り,依存
カメラ,経済,描く,オートメーション,委託
火曜日,警察,餌,オーバーコート,悪戯
辛い,景色,得る,大凡,頂
体,消しゴム,円,お帰り,戴きます
借りる,下宿,縁,おかけください,至って
軽い,決して,延期,おかげさまで,痛む
カレー,けれど,演技,おかず,痛める
カレンダー,原因,援助,拝む,炒める
川,けんかする,演説,お代わり,労る
かわいい,研究,演奏,補う,市
漢字,研究室,遠慮,おきのどくに,位地
木,見物,御,屋外,一々
黄色,子,老い,おくさん,一概に
黄色い,こう,追い付く,送り仮名,一見
消える,郊外,王,おげんきで,一言
聞く,講義,追う,怠る,一日
北,工業,王様,押える,一定
ギター,高校,王子,おさきに,著しい
汚い,高校生,応じる,納める,一同
喫茶店,工場,横断,治める,一人
切手,校長,終える,惜しい,一部
切符,交通,大いに,御辞儀,一部分
昨日,講堂,覆う,伯父さん,一別
九,高等学校,大家,小父さん,一面
牛肉,公務員,丘,叔父さん,一目
牛乳,国際,沖,おしゃれ,一様
今日,心,奥,おじゃまします,一律
教室,御主人,贈る,教わる,一連
兄弟,故障,起こる,おだいじに,一括
去年,ご存じ,幼い,落着く,一気
嫌い,答,収める,御手洗,一挙に
切る,ごちそう,おしゃべり,お出掛け,一切
着る,小鳥,汚染,お手伝いさん,一心
きれい,このあいだ,おそらく,おどかす,いっそ
キロ,このごろ,恐れる,落し物,一帯
キロ,細かい,恐ろしい,おととい,一敗
銀行,込む,お互い,おととし,一変
金曜日,米,穏やか,おとなしい,何時
薬,ごらんになる,男の人,驚かす,何時か
ください,これから,劣る,おねがいします,何時でも
果物,怖い,お腹,各々,何時の間にか
口,壊す,鬼,伯母さん,何時までも
靴,壊れる,帯,叔母さん,何時も
靴下,今度,お昼,おはよう,意図
国,今夜,溺れる,お参り,営む
曇り,最近,おまえ,おまたせしました,暇
曇る,最後,おめでとう,おまちください,異動
暗い,最初,思い出,おまちどおさま,挑む
クラス,坂,主に,おめでたい,稲光
グラム,探す,思わず,思い掛けない,古
来る,下る,泳ぎ,思い込む,祈り
車,盛ん,およそ,思いっ切り,鼾
黒,下げる,及ぼす,思い付く,今更
黒い,差し上げる,居る,重たい,未だ
警官,さっき,下す,おやすみ,移民
今朝,寂しい,降ろす,おやつ,厭々
消す,さ来月,音,親指,卑しい
結構,さ来週,恩,オルガン,いやに
結婚,騒ぐ,温暖,卸す,厭やらしい
月曜日,触る,温度,恩恵,愈々
玄関,産業,可,温室,意欲
元気,残念,課,温泉,苛々
五,市,会,温帯,入口
公園,字,回,御中,衣料
交差点,試合,害,女の人,威力
紅茶,仕方,会員,蚊,入る
交番,試験,絵画,カーブ,衣類
声,事故,海外,貝,色々
コート,地震,会計,開会,異論
コーヒー,時代,解決,会館,所謂
ここ,下着,会合,改札,印
午後,しっかり,外交,解散,員
九日,失敗,開始,海水浴,印鑑
九つ,辞典,解釈,回数,陰気
午前,品物,外出,回数券,隠居
答える,しばらく,改善,改正,上下
こちら,島,快適,快晴,浮かぶ
こっち,市民,回復,解説,受かる
コップ,事務所,飼う,改造,含嗽
今年,社会,替える,開通,受け入れ
言葉,社長,香り,回転,受け入れる
子供,自由,画家,解答,受け継ぐ
この,習慣,抱える,回答,受け付ける
御飯,住所,価格,外部,受け止める
コピーする,柔道,化学,解放,受け取り
困る,十分,輝く,開放,受身
これ,趣味,係,海洋,動き
今月,紹介,掛かる,概論,潮
今週,小学校,罹る,帰す,氏
こんな,小説,鍵,却って,渦
今晩,将来,限る,代える,埋まる
さあ,食料品,描く,反る,嘘つき
財布,女性,家具,家屋,打ち合わせ
魚,知らせる,学,係わる,打ち合わせる
先,調べる,額,書留,打ち切る
咲く,人口,覚悟,書取,打ち消し
作文,神社,確実,垣根,打ち込む
差す,親切,学者,掻く,団扇
雑誌,新聞社,学習,嗅ぐ,内訳
砂糖,水泳,隠す,架空,訴え
寒い,水道,拡大,各自,鬱陶しい
再来年,数学,確認,拡充,写し
三,過ぎる,学問,学術,空ろ
散歩,凄い,隠れる,各地,器
四,進む,影,拡張,雨天
塩,すっかり,陰,角度,腕前
しかし,すっと,欠ける,学年,饂飩
時間,捨てる,加減,学部,促す
仕事,砂,過去,格別,唸る
辞書,滑る,籠,確率,自惚れ
静か,隅,囲む,学力,甘い
下,済む,火災,掛け算,生まれつき
七,すり,菓子,可決,海路
質問,すると,家事,火口,産む
自転車,生活,賢い,下降,埋め込む
自動車,生産,歌手,重なる,梅干
死ぬ,政治,数,重ねる,末
字引,西洋,稼ぐ,飾り,裏返し
自分,世界,数える,火山,売り出し
閉まる,席,型,かしこまりました,売り出す
閉める,説明,肩,貸し出し,潤う
締める,背中,硬い,過失,五月蝿い
じゃ,線,方々,果実,売れ行き
写真,戦争,形,貸間,浮気
シャツ,先輩,刀,貸家,上手
シャワー,そう,語る,個所,上回る
十,育てる,勝ち,過剰,植わる
授業,卒業,価値,かじる,運営
宿題,祖父,がっかり,課税,うんざり
上手,祖母,活気,下線,運送
丈夫,それで,学期,カセット,運賃
しょうゆ,それに,格好,加速,云々
食堂,それほど,活動,加速度,運搬
知る,そろそろ,活用,固い,運命
白,そんな,悲しむ,堅い,運輸
白い,そんなに,必ずしも,片仮名,運用
新聞,退院,かなり,片付く,会
水曜日,大学生,金,塊,重
吸う,大事,可能,固まる,えい
スカート,大体,株,片道,映写
好き,たいてい,被る,傾く,英字
少ない,大分,構う,片寄る,衛生
すぐに,台風,我慢,学科,映像
少し,倒れる,上,学会,英雄
涼しい,だから,神,楽器,液
ストーブ,確か,雷,学級,役
スプーン,足す,髪の毛,担ぐ,閲覧
スポーツ,訪ねる,科目,括弧,獲物
ズボン,尋ねる,かもしれない,活字,襟
住む,正しい,火曜,活躍,縁
スリッパ,畳,空,活力,塩
する,立てる,柄,仮定,艶
座る,建てる,刈る,過程,園
背,例えば,彼等,課程,円滑
生徒,棚,川,仮名,縁側
セーター,楽しみ,河,仮名遣い,沿岸
せっけん,楽む,皮,鐘,婉曲
背広,たまに,革,加熱,演習
狭い,為,かわいそう,兼ねる,演出
ゼロ,足りる,かわいらしい,カバー,演じる
千,男性,缶,過半数,演ずる
先月,暖房,勘,被せる,沿線
先週,血,考え,釜,縁談
先生,チェックする,感覚,紙屑,遠方
洗濯,力,観客,神様,円満
全部,ちっとも,環境,剃刀,尾
掃除,ちゃん,歓迎,ガム,於
そうして,注意,観光,貨物,甥
そこ,中学校,観察,かゆい,追い込む
そちら,注射,感じ,歌謡,美味しい
そっち,駐車場,感謝,殻,追い出す
外,地理,患者,カラー,於いて
その,捕まえる,勘定,からかう,お出でになる
そば,付く,感情,空っぽ,老いる
空,漬ける,感じる,かるた,負う
それ,都合,感心,枯れる,応急
それから,伝える,関心,カロリー,黄金
それでは,続く,関する,かわいがる,黄色
大学,続ける,完成,乾かす,応募
大使館,包む,完全,渇く,おおい
大丈夫,妻,感動,為替,大方
大好き,つもり,監督,瓦,大柄
大切,釣る,管理,代る,大げさ
台所,丁寧,完了,間隔,大事
たいへん,適当,関連,換気,大ざっぱ
たいへん,手伝う,議員,感激,大筋
高い,手袋,記憶,関西,大空
たくさん,寺,気温,鑑賞,大幅
タクシー,点,機械,感ずる,大水
出す,店員,議会,間接,公
立つ,天気予報,期間,乾燥,お蔭
たて,電灯,機関,感想,お蔭様で
建物,電報,企業,観測,可笑しい
楽しい,展覧会,効く,寒帯,犯す
頼む,都,機嫌,官庁,侵す
たばこ,道具,気候,勘違い,お菜
たぶん,とうとう,岸,缶詰,臆病
食べ物,動物園,生地,乾電池,遅らす
食べる,遠く,生地,関東,遅れ
卵,通る,記事,観念,起こす
誰,特に,技師,乾杯,行い
誰か,特別,記者,看板,厳か
誕生日,とこや,傷,看病,傲る
だんだん,途中,期待,冠,長
小さい,特急,帰宅,漢和,押さえる
小さな,届ける,貴重,気圧,お先に
近い,泊まる,議長,器械,収まる
違う,止める,きちんと,着替え,納まる
近く,取り替える,きつい,機関車,治まる
地下鉄,泥棒,気付く,飢饉,お産
地図,どんどん,気に入る,器具,教え
茶色,直す,記入,期限,押し込む
ちゃわん,直る,記念,記号,惜しむ
ちょうど,治る,機能,刻む,お喋り
ちょっと,泣く,気の毒,儀式,お洒落
一日,無くなる,寄付,基準,押し寄せる
使う,亡くなる,希望,規準,お祖父さん
疲れる,投げる,基本,起床,お邪魔します
次,なさる,決まり,着せる,雄
着く,鳴る,気味,基礎,お世辞
机,なるべく,奇妙,気体,襲う
作る,なるほど,義務,基地,遅くとも
つける,慣れる,疑問,きっかけ,恐らく
勤める,苦い,逆,ぎっしり,恐れ
つまらない,二階建て,旧,基盤,恐れ入る
冷たい,逃げる,級,客席,お大事に
強い,日記,球,客間,煽てる
手,入院,九,ギャング,落ち込む
テープ,入学,休暇,キャンパス,落ち着き
テーブル,似る,休憩,休業,落ち葉
テープレコーダー,人形,急激,休講,落ちる
出かける,盗む,吸収,休息,おっかない
手紙,塗る,救助,給与,仰っしゃる
できる,ぬれる,急速,休養,乙
出口,ねだん,急に,清い,お使い
テスト,熱,給料,強化,お手上げ
では,寝坊,器用,境界,御手洗い
デパート,眠い,教科書,行事,弟
でも,眠る,競技,恐縮,落とす
出る,残る,行儀,教養,訪れる
テレビ,乗り換える,供給,行列,大人しい
天気,乗り物,教師,漁業,少女
電気,葉,教授,曲線,お供
電車,場合,強調,規律,衰える
電話,倍,共通,斬る,おどおど
戸,拝見,共同,気を付ける,脅かす
ドア,歯医者,恐怖,金魚,脅す
トイレ,運ぶ,協力,区域,驚き
どう,始める,強力,偶数,同い年
どうして,場所,さ,空想,女子
どうぞ,はず,局,空中,お願いします
動物,恥ずかしい,極,クーラー,各
どうも,発音,巨大,釘,自ずから
遠い,はっきり,嫌う,区切る,お早う
十日,花見,霧,櫛,お祖母さん
時々,林,切れ,くしゃみ,怯える
時計,払う,切れる,苦情,夥しい
どこ,番組,キロ,苦心,帯びる
所,反対,記録,屑,覚え
年,日,議論,崩す,御負け
図書館,火,金,薬指,お巡りさん
どちら,冷える,銀,崩れる,お宮
どっち,光,禁煙,砕く,お襁褓
とても,光る,金額,砕ける,お目出度う
どなた,引き出し,金庫,くたびれる,面
隣,ひきだす,禁止,くだらない,思い付き
どの,ひげ,金銭,下る,面白い
飛ぶ,飛行場,金属,唇,玩具
止まる,久しぶり,近代,口紅,重なる
友達,美術館,緊張,くっつく,趣
土曜日,非常に,筋肉,くっつける,赴く
鳥,引っ越す,金融,くどい,重役
とり肉,必要,金曜,句読点,重んじる
取る,ひどい,九,配る,重んずる
撮る,開く,句,工夫,お休み
どれ,昼間,食う,区分,お八
ナイフ,昼休み,偶然,組合せ,凡そ
中,拾う,臭い,組み立てる,及び
長い,増える,鎖,汲む,及ぶ
鳴く,深い,腐る,酌む,織
無くす,複雑,癖,悔しい,檻
なぜ,復習,管,悔やむ,折り返す
夏,部長,具体,クリーニング,織物
夏休み,普通,下さる,くるむ,織る
など,ぶどう,下り,くれぐれも,俺
七つ,太る,苦痛,咥える,愚か
七日,布団,ぐっすり,郡,疎か
名前,舟,区別,稽古,終わる
習う,不便,組,敬語,音色
並ぶ,踏む,組合,蛍光灯,温和
並べる,降り出す,組む,形式,仮
なる,文化,曇,継続,科
何,文学,位,毛糸,個
二,文法,暮らし,経度,下位
賑やか,別,暮らす,系統,改悪
肉,変,繰り返す,芸能,海運
西,返事,狂う,競馬,改革
日曜日,貿易,苦しい,警備,貝殻
荷物,法律,苦しむ,形容詞,階級
ニュース,僕,暮れ,形容動詞,海峡
庭,星,苦労,外科,会見
脱ぐ,ほとんど,加える,毛皮,介護
温い,ほめる,詳しい,激増,開催
ネクタイ,翻訳,加わる,下車,回収
猫,参る,訓,下旬,改修
寝る,負ける,軍,下水,怪獣
ノート,または,軍隊,削る,解除
登る,間違える,訓練,桁,回送
飲み物,間に合う,下,下駄,階層
飲む,周り,敬意,血圧,開拓
乗る,回る,経営,血液,会談
歯,漫画,計画,月給,改定
パーティー,真中,景気,傑作,改訂
はい,見える,経験,月末,街道
灰皿,湖,傾向,気配,介入
入る,味噌,警告,下品,開発
葉書,見つかる,計算,煙い,海抜
はく,見つける,掲示,蹴る,介抱
箱,皆,刑事,けれど,解剖
橋,港,芸術,険しい,回覧
はし,向かう,契約,見学,海流
始まる,迎える,経由,謙虚,改良
初め,昔,怪我,原稿,回路
初めて,虫,劇,原産,顧みる
走る,息子,劇場,原始,省みる
バス,娘,化粧,研修,返る
バター,無理,けち,厳重,顔付き
二十歳,召し上がる,結果,謙遜,掲げる
働く,珍しい,欠陥,県庁,踵
八,申し上げる,結局,限度,係り
二十日,申す,決心,現に,課外
花,もうすぐ,欠席,顕微鏡,書き取り
鼻,もし,決定,原理,書き取る
話,戻る,欠点,原料,掻き回す
話す,木綿,月曜,碁,欠く
早い,森,結論,恋しい,角
速い,焼く,煙,請う,核
春,約束,券,工員,格
貼る,役に立つ,県,強引,佳句
晴れ,焼ける,軒,公害,画
晴れる,優しい,喧嘩,高級,格差
半,痩せる,見解,公共,拡散
晩,やっと,限界,工芸,各種
パン,止む,現金,孝行,隔週
ハンカチ,止める,言語,交差,確信
番号,柔らかい,健康,講師,革新
晩御飯,湯,検査,工事,確定
半分,指,現在,公式,獲得
東,指輪,現実,口実,確保
引く,夢,現象,こうして,革命
弾く,揺れる,現状,校舎,確立
低い,用,建設,公衆,賭け
飛行機,用意,現代,香水,掛け
左,用事,建築,公正,駆け足
人,汚れる,見当,功績,家計
一つ,予習,検討,光線,駆けっこ
一月,予定,現場,高層,駆ける
一人,予約,憲法,構造,賭ける
暇,寄る,権利,交替,加工
百,喜ぶ,後,耕地,化合
病院,理由,語,交通機関,嵩張る
病気,利用,恋,校庭,嵩む
昼,両方,濃い,肯定,風車
昼御飯,旅館,恋人,高度,畏まりました
広い,留守,幸運,高等,華奢
フィルム,冷房,講演,合同,箇所
封筒,歴史,効果,後輩,火傷
プール,連絡,硬貨,公表,箇条書き
フォーク,沸かす,高価,鉱物,噛る
吹く,別れる,豪華,公務,微か
服,沸く,合格,項目,霞む
二つ,訳,交換,紅葉,化する
豚肉,忘れ物,航空,合理,擦る
二人,笑う,光景,交流,火星
二日,割合,合計,合流,化石
太い,割れる,攻撃,効力,河川
冬,アクセサリー,貢献,超える,化繊
降る,アジア,広告,コース,過疎
古い,アナウンサー,交際,コーラス,過多
ふろ,アフリカ,後者,焦がす,難い
文章,アメリカ,構成,国王,片思い
ページ,アルコール,高速,国籍,敵
下手,アルバイト,行動,国立,気質
ベッド,エスカレーター,強盗,ごくろうさま,片言
ペット,オートバイ,幸福,焦げる,片付け
部屋,カーテン,公平,凍える,傾く
辺,ガス,候補,心当たり,傾ける
ペン,ガソリン,考慮,心得る,固める
勉強,ガソリンスタンド,越える,腰掛け,偏る
便利,ガラス,氷,腰掛ける,傍ら
帽子,ケーキ,凍る,五十音,課題
ボールペン,消しゴム,誤解,胡椒,花壇
ほか,コンサート,語学,こしらえる,家畜
ポケット,コンピューター,呼吸,超す,画期
欲しい,サラダ,故郷,擦る,活発
ポスト,サンダル,国語,ごぞんじですか,且つ
細い,サンドイッチ,黒板,個体,割
ボタン,ジャム,克服,御馳走,嘗て
ホテル,スーツ,国民,ごちそうさま,日付
本,スーツケース,穀物,こちらこそ,門
本棚,スクリーン,ここ,小遣い,叶う
ほんとう,ステーキ,腰,コック,叶える
毎朝,ステレオ,故障,こっそり,金槌
毎月,ソフト,個人,古典,鉄棒
毎週,タイプ,越す,琴,可成
毎日,チェックする,国家,言付ける,加入
毎年,テキスト,国会,言葉遣い,金庫
毎晩,テニス,国境,こないだ,予言
前,パート,骨折,御無沙汰,兼ねて
曲る,パソコン,小包,こぼす,下番
まずい,ハンドバッグ,事,こぼれる,下品
また,ピアノ,異なる,塵芥,華美
まだ,ビル,諺,ゴム,花粉
町,ファックス,断る,御免,株式
待つ,プレゼント,粉,ごめんください,気触れる
まっすぐ,ベル,この,小指,貨幣
マッチ,レジ,好み,こらえる,構え
窓,レポート,好む,娯楽,構える
丸い,ワープロ,塵,御覧,加味
万,,小麦,コレクション,噛み切る
万年筆,,ごめんなさい,転がす,過密
磨く,,小屋,転がる,瓶
右,,これら,紺,かも知れない
短い,,頃,コンクール,粥
水,,殺す,コンクリート,痒い
店,,転ぶ,混合,揶揄う
見せる,,今回,コンセント,身体
道,,今後,献立,体付き
三日,,混雑,こんばんは,絡む
三つ,,こんなに,サークル,借り
緑,,困難,在学,下吏
皆さん,,今日,再三,加留多
南,,こんにちは,祭日,涸れる
耳,,婚約,催促,過労
見る,,混乱,採点,辛うじて
みんな,,差,災難,側
六日,,際,裁縫,可愛い
向こう,,最高,材木,可愛がる
難しい,,財産,サイレン,可哀想
六つ,,最終,逆さ,可愛らしい
村,,最中,逆様,交わす
目,,最低,捜す,代わる
メートル,,才能,遡る,代わる代わる
眼鏡,,裁判,酒場,乾
もう,,材料,さきおととい,管
もう一度,,幸い,先程,幹
木曜日,,境,裂く,冠
持つ,,逆らう,索引,観
もっと,,盛り,作者,館
物,,作業,削除,簡易
門,,作品,作成,感慨
問題,,作物,作製,寒気
八百屋,,桜,探る,簡潔
野菜,,酒,囁く,還元
易しい,,叫ぶ,刺さる,刊行
安い,,避ける,匙,慣行
休み,,支える,座敷,勧告
休む,,指す,差し支え,看護
八つ,,座席,差し引き,漢語
山,,誘う,刺身,換算
やる,,札,刺す,監視
夕方,,作家,挿す,慣習
夕飯,,作曲,注す,観衆
郵便局,,ざっと,射す,干渉
昨夜,,さっぱり,流石,感触
有名,,さて,撮影,肝心
雪,,砂漠,雑音,歓声
行く,,差別,さっさと,感染
ゆっくりと,,作法,早速,幹線
八日,,様々,錆,関税
洋服,,覚ます,錆びる,簡素
よく,,覚める,座布団,観点
横,,左右,冷ます,感度
四日,,皿,妨げる,幹部
四つ,,更に,冷める,勘弁
呼ぶ,,去る,さようなら,完璧
読む,,猿,再来月,感無量
夜,,騒ぎ,再来週,勧誘
弱い,,参加,再来年,関与
来月,,参考,サラリーマン,慣用
来週,,賛成,騒がしい,寛容
来年,,酸素,さわやか,観覧
ラジオ,,散歩,三角,官僚
ラジカセ,,氏,算数,慣例
りっぱ,,詩,酸性,還暦
留学生,,四,産地,貫禄
両親,,幸せ,サンプル,緩和
料理,,ジェット機,山林,蓋
旅行,,直に,仕上がる,街
零,,しかも,しあさって,外貨
冷蔵庫,,叱る,シーズン,外観
レコード,,式,シーツ,外相
レストラン,,お,寺院,害する
練習,,時期,しいんと,概説
廊下,,支給,自衛,該当
六,,しきりに,塩辛い,街頭
ワイシャツ,,刺激,司会,概念
若い,,資源,四角,外来
分かる,,事件,四角い,概略
忘れる,,時刻,時間割,学芸
私,,自殺,四季,学士
私,,事実,敷地,学説
渡す,,支出,至急,楽譜
渡る,,事情,敷く,学歴
悪い,,詩人,茂る,崖
より,,自身,持参,雅致
,,沈む,磁石,がっくり
,,自然,四捨五入,合唱
,,思想,始終,がっしり
,,舌,自習,合致
,,次第,静まる,がっちり
,,事態,姿勢,月日
,,従う,自然科学,合併
,,したがって,時速,がる
,,支度,子孫,側
,,親しい,死体,癌
,,七,下書き,眼科
,,質,下町,眼球
,,失業,自治,眼鏡
,,実験,実感,頑固
,,実現,湿気,願書
,,実行,湿気,頑丈
,,実際,しつこい,岩石
,,実施,実習,元年
,,じっと,実績,贋物
,,実に,湿度,元来
,,実は,執筆,生
,,失望,実物,期
,,支店,しっぽ,企画
,,指導,実用,規格
,,自動,実力,着飾る
,,品,実例,器官
,,支配,失恋,季刊
,,芝居,指定,危害
,,しばしば,私鉄,気兼ね
,,芝生,児童,気軽
,,支払,縛る,危機
,,支払う,地盤,聞き取り
,,死亡,しびれる,効き目
,,資本,紙幣,帰京
,,姉妹,しぼむ,基金
,,しまう,絞る,棄権
,,しまった,縞,喜劇
,,自慢,地味,起源
,,事務,しみじみ,機構
,,示す,氏名,既婚
,,占める,締切,記載
,,下,締め切る,気障
,,霜,湿る,兆し
,,借金,ジャーナリスト,兆
,,しゃべる,社会科学,軋む
,,邪魔,しゃがむ,気象
,,週,蛇口,期日
,,州,弱点,記述
,,十,車庫,奇数
,,銃,車掌,築く
,,周囲,写生,傷付く
,,収穫,社説,規制
,,週間,しゃっくり,汽船
,,宗教,シャッター,寄贈
,,重視,しゃぶる,貴族
,,就職,車輪,鍛える
,,修正,洒落,来る
,,渋滞,じゃんけん,気立て
,,重大,集会,きちっと
,,住宅,住居,几帳面
,,集団,集金,切っ掛け
,,集中,集合,きっかり
,,収入,習字,喫茶
,,住民,修繕,きっちり
,,重要,重体,屹度
,,修理,じゅうたん,きっぱり
,,主義,終点,規定
,,宿泊,重点,起点
,,手術,就任,軌道
,,首相,周辺,甲
,,手段,重役,気配
,,主張,終了,規範
,,出身,重量,気品
,,出席,重力,気風
,,出発,熟語,起伏
,,出版,祝日,規模
,,首都,縮小,気まぐれ
,,主婦,受験,生真面目
,,主要,主語,期末
,,需要,出勤,決まり悪い
,,種類,述語,決まる
,,順,出張,記名
,,瞬間,寿命,脚色
,,順調,主役,脚本
,,順番,受話器,客観
,,準備,循環,規約
,,小,巡査,救援
,,章,順々,休学
,,賞,順序,究極
,,使用,純情,窮屈
,,上,純粋,球根
,,障害,消化,救済
,,奨学金,小学生,給食
,,乗客,しょうがない,給仕
,,上京,将棋,休戦
,,状況,蒸気,旧知
,,条件,定規,宮殿
,,正午,上級,窮乏
,,正直,商業,丘陵
,,常識,消極的,共
,,少女,賞金,供
,,少々,上下,驚異
,,症状,障子,教員
,,生じる,商社,教科
,,状態,乗車,協会
,,招待,上旬,共感
,,上達,生ずる,共学
,,冗談,小数,協議
,,承知,商店,教訓
,,上等,焦点,境遇
,,衝突,消毒,強行
,,商人,勝敗,強硬
,,承認,蒸発,凶作
,,少年,賞品,共産
,,商売,勝負,教材
,,消費,小便,教習
,,商品,消防署,郷愁
,,消防,正味,教職
,,情報,正面,享受
,,証明,消耗,興じる
,,女王,醤油,強制
,,職,省略,共存
,,職業,初級,姉妹
,,食事,助教授,協調
,,食卓,食塩,協定
,,食品,職人,脅迫
,,植物,初旬,共鳴
,,食物,書籍,郷里
,,食欲,食器,強烈
,,食料,ショップ,共和
,,食糧,書店,曲
,,書斎,書道,局限
,,女子,白髪,極端
,,助手,知合い,居住
,,徐々に,シリーズ,拒絶
,,署名,私立,拒否
,,書物,資料,許容
,,女優,汁,距離
,,処理,素人,寄与
,,書類,芯,清らか
,,知らせ,新幹線,気楽
,,尻,真空,煌びやか
,,印,信ずる,切り
,,城,心身,桐
,,進学,申請,切り替える
,,神経,人造,気流
,,真剣,寝台,奇麗
,,信仰,診断,切れ目
,,信号,侵入,際
,,人工,人文科学,木綿
,,深刻,人命,極めて
,,診察,深夜,僅
,,人種,森林,近眼
,,信じる,親類,緊急
,,人生,針路,近々
,,親戚,神話,近郊
,,新鮮,酢,均衡
,,心臓,水産,近視
,,身体,炊事,禁じる
,,身長,水蒸気,禁ずる
,,慎重,水素,勤勉
,,心配,垂直,勤務
,,審判,推定,禁物
,,人物,水滴,勤労
,,進歩,水筒,議案
,,親友,随筆,戯曲
,,信用,水分,議決
,,信頼,水平,議事堂
,,心理,水平線,犠牲
,,人類,水曜,偽造
,,州,ずうずうしい,議題
,,巣,ずうっと,技能
,,図,末っ子,逆転
,,水準,スカーフ,行
,,推薦,図鑑,業者
,,随分,杉,行政
,,睡眠,好き嫌い,業績
,,数,好き好き,業務
,,数字,透き通る,玉
,,末,隙間,漁船
,,姿,スクール,漁村
,,空く,すくなくとも,義理
,,救う,図形,疑惑
,,優れる,スケジュール,吟味
,,すごい,鈴,区
,,少しも,涼む,食い違う
,,過ごす,スタート,空腹
,,筋,スチュワーデス,区画
,,進める,すっきり,区間
,,勧める,すっぱい,茎
,,頭痛,ステージ,区切り
,,ずっと,棄てる,潜る
,,すてき,ストッキング,種々
,,既に,ストップ,嚏
,,すなわち,素直,旧事
,,素晴らしい,頭脳,籤引
,,全て,スピーカー,擽ぐったい
,,全て,図表,草臥れる
,,済ませる,スマート,下らない
,,すみません,住まい,件
,,為る,すまない,口ずさむ
,,すると,墨,嘴
,,鋭い,澄む,朽ちる
,,背,清む,くっきり
,,正,相撲,屈折
,,性,スライド,くっ付く
,,所為,ずらす,くっ付ける
,,税,ずらり,覆す
,,性格,掏摸,諄い
,,正確,刷る,国境
,,世紀,狡い,首飾り
,,請求,すれちがう,首輪
,,税金,ずれる,組み合わせ
,,清潔,寸法,組み合わせる
,,制限,姓,組み込む
,,成功,税関,蔵
,,生産,製作,苦しめる
,,正式,制作,包む
,,精神,性質,呉れ呉れも
,,成人,清書,呉れる
,,精々,青少年,玄人
,,成績,整数,黒字
,,製造,清掃,君主
,,贅沢,生存,愚痴
,,成長,生長,ぐっと
,,制度,政党,ぐらい
,,青年,生年月日,群
,,製品,性能,軍艦
,,政府,整備,群集
,,生物,成分,軍事
,,生命,性別,軍備
,,整理,正方形,軍服
,,咳,正門,刑
,,石炭,成立,頃
,,責任,西暦,傾
,,石油,背負う,系
,,世間,赤道,経過
,,説,折角,軽快
,,積極的,接近,警戒
,,設計,石鹸,計器
,,絶対,接する,契機
,,設備,せっせと,敬具
,,絶滅,接続,軽減
,,節約,瀬戸物,掲載
,,是非,ぜひとも,傾斜
,,責める,迫る,形成
,,世話,ゼミ,形勢
,,善,せめて,軽率
,,全員,攻める,携帯
,,専攻,セメント,形態
,,全国,栓,刑罰
,,先日,前後,経費
,,前者,洗剤,警部
,,選手,全集,軽蔑
,,前進,全身,経歴
,,全然,扇子,経路
,,全体,専制,汚す
,,選択,先々月,汚らわしい
,,そう,先々週,汚れ
,,象,先祖,汚れる
,,騒音,先端,獣
,,増加,センチ,吝嗇
,,操作,宣伝,結核
,,掃除,先頭,血管
,,想像,全般,決行
,,相続,扇風機,決算
,,相談,線路,決勝
,,装置,相違,結晶
,,相当,そういえば,結成
,,速度,雑巾,結束
,,底,増減,傑
,,そこで,倉庫,決意
,,組織,相互,決議
,,そして,創作,結合
,,注ぐ,葬式,決断
,,育つ,そうして,欠乏
,,そっくり,造船,蹴飛ばす
,,そっと,騒々しい,貶す
,,袖,増大,煙たい
,,備える,そうっと,煙る
,,その,送別,家来
,,そのうち,草履,けれど
,,そのまま,総理大臣,圏
,,側,送料,権
,,粗末,属する,権威
,,それ,続々,兼業
,,それぞれ,速達,権限
,,それでも,測定,健在
,,それとも,測量,懸賞
,,損,速力,検事
,,損害,素質,健全
,,尊敬,祖先,見地
,,存在,そそっかしい,賢明
,,尊重,卒直,倹約
,,田,具える,兼用
,,他,そのうえ,権力
,,台,その頃,劇団
,,題,そのため,激励
,,体育,そのほか,月謝
,,体温,蕎麦,げっそり
,,大会,剃る,月賦
,,大気,それなのに,下痢
,,代金,逸れる,原
,,退屈,揃う,原形
,,滞在,揃える,現行
,,大使,算盤,原作
,,大した,存じる,原子
,,対象,存ずる,元首
,,大臣,損得,原書
,,対する,田ぼ,減少
,,大戦,第一,現場
,,大抵,退院,元素
,,態度,大学院,原則
,,大統領,大工,現像
,,大半,体系,現地
,,代表,太鼓,限定
,,大部分,対策,原点
,,大変,大して,原典
,,逮捕,対照,減点
,,太陽,大小,原爆
,,平ら,体制,原文
,,代理,体積,厳密
,,大陸,大層,原油
,,倒す,体操,言論
,,だが,大分,故
,,互い,大木,戸
,,宝,題名,児
,,だから,代名詞,巨
,,宅,タイア,恋する
,,だけど,ダイヤグラム,溝
,,確かめる,ダイヤモンド,好意
,,多少,ダイヤル,行為
,,助ける,対立,行員
,,ただ,田植え,交易
,,唯,絶えず,公演
,,戦い,楕円,後悔
,,戦う,高める,公開
,,叩く,耕す,航海
,,直ちに,滝,工学
,,立ち上がる,炊く,皇居
,,立場,焚く,好況
,,経つ,蓄える,抗議
,,達する,竹,鉱業
,,唯,助かる,興業
,,だって,只,高原
,,たっぷり,但し,煌々と
,,縦,畳む,考古学
,,たとえ,立ち止まる,交互
,,谷,たちまち,工作
,,他人,建つ,耕作
,,種,発つ,鉱山
,,束,脱線,講習
,,度,妥当,交渉
,,旅,例える,高尚
,,たびたび,頼もしい,行進
,,多分,足袋,香辛料
,,玉,ダブル,口述
,,球,だます,控除
,,弾,溜まる,向上
,,偶々,ダム,降水
,,たまらない,溜息,洪水
,,黙る,ためらう,公然
,,駄目,溜める,抗争
,,試し,だらしない,構想
,,試す,足る,拘束
,,便り,段階,後退
,,頼る,短期,光沢
,,誰か,炭鉱,公団
,,段,短所,好調
,,単位,たんす,口頭
,,単語,淡水,講読
,,男子,断水,購読
,,単純,単数,購入
,,誕生,団地,公認
,,団体,断定,光熱費
,,担当,短編,荒廃
,,単なる,誓う,購買
,,単に,地下水,好評
,,地,近々,交付
,,地位,近付ける,降伏
,,地域,近寄る,興奮
,,知恵,力強い,公募
,,地下,ちぎる,巧妙
,,違い,地質,公用
,,違いない,知人,小売
,,近頃,地帯,効率
,,地球,縮む,公立
,,地区,縮める,小柄
,,遅刻,縮れる,小切手
,,知事,チップ,国産
,,知識,地点,国定
,,父親,地名,国土
,,知能,茶色い,告白
,,地平線,着々,国防
,,地方,茶碗,国有
,,茶,中間,国連
,,ちゃんと,中旬,漕ぐ
,,中,抽象,焦げ茶
,,注,中世,個々
,,中央,中性,箇箇
,,中学,中途,心地
,,中古,中年,心得
,,中止,超過,心掛け
,,駐車,彫刻,心掛ける
,,昼食,長所,志
,,中心,長女,志す
,,注目,調整,心強い
,,注文,調節,心細い
,,長期,長短,試み
,,調査,頂点,試みる
,,調子,長男,快い
,,頂上,長方形,凝らす
,,ちょうだい,調味料,凝る
,,貯金,チョーク,拵える
,,直接,直後,孤児
,,著者,直線,拗れる
,,対,直前,故人
,,遂に,直通,梢
,,通過,直流,個性
,,通学,貯蔵,戸籍
,,通行,直角,小銭
,,通じる,直径,固体
,,通信,散らかす,答え
,,捕まる,散らかる,堪える
,,掴む,散らす,火燵
,,疲れ,塵紙,古代
,,月,散る,こだわる
,,付き合い,追加,誇張
,,次々,ついで,滑稽
,,就く,通貨,国交
,,注ぐ,通勤,骨董品
,,付ける,通ずる,骨
,,土,通知,固定
,,続き,通帳,事柄
,,包み,通訳,悉く
,,勤め,通用,言伝
,,務め,通路,殊に
,,繋ぐ,付合う,事によると
,,常に,突き当たり,孤独
,,角,突き当たる,粉々
,,翼,月日,此の
,,つまり,点く,この間
,,罪,突く,この頃
,,詰める,次ぐ,好ましい
,,積もる,作る,個別
,,梅雨,着ける,零す
,,辛い,点ける,零れる
,,釣,浸ける,細やか
,,連れ,伝わる,混む
,,出会い,突っ込む,込める
,,出会う,務める,篭る
,,提案,努める,固有
,,定期,綱,雇用
,,抵抗,繋がり,暦
,,提出,繋がる,堪える
,,程度,繋げる,孤立
,,停留所,粒,懲りる
,,敵,潰す,此れ
,,出来事,潰れる,此れ等
,,適する,つまずく,魂
,,適切,詰まる,根気
,,適度,積む,根拠
,,適用,爪,混血
,,できる,艶,昆虫
,,出来るだけ,強気,根底
,,できれば,釣り合う,混同
,,手品,吊る,今日は
,,ですから,吊す,今晩は
,,鉄,出合い,根本
,,哲学,手洗い,御
,,手伝い,定員,語彙
,,徹底,定価,濠
,,鉄道,低下,業
,,徹夜,定期券,号
,,では,定休日,合意
,,手間,停止,合議
,,でも,停車,強気
,,典型,停電,合成
,,天候,出入り,護衛
,,電子,出入口,語句
,,伝統,手入れ,極楽
,,天然,テーマ,ご苦労様
,,度,出掛ける,語源
,,問い,出来上がり,誤差
,,党,出来上がる,ご座います
,,塔,的確,ご馳走
,,答案,適確,ご馳走さま
,,同一,手首,毎
,,銅貨,凸凹,碁盤
,,当時,手頃,ご無沙汰
,,動詞,でたらめ,誤魔化す
,,同時,手帳,御免ください
,,どうしても,鉄橋,御免なさい
,,到着,手続き,御覧なさい
,,道徳,鉄砲,佐
,,投票,テニスコート,再
,,同様,手拭い,差異
,,同僚,手前,再会
,,道路,出迎え,災害
,,十,出迎える,細菌
,,通す,照らす,細工
,,通り,照る,採掘
,,通り過ぎる,展開,採決
,,都会,伝記,再建
,,時,電球,再現
,,解く,点数,採算
,,毒,伝染,採集
,,得意,電池,再生
,,読書,点々,最善
,,独身,転々,採択
,,特徴,電柱,再発
,,独特,天皇,栽培
,,独立,電波,細胞
,,解ける,テンポ,採用
,,どこか,電流,遮る
,,ところが,電力,囀る
,,ところで,問い合わせ,冴える
,,登山,銅,竿
,,都市,統一,栄える
,,年月,同格,杯
,,図書,峠,逆立ち
,,年寄,統計,逆上る
,,閉じる,動作,盛る
,,途端,東西,差額
,,土地,当日,下がる
,,突然,投書,一昨昨日
,,届く,登場,先に
,,とにかく,どうせ,詐欺
,,飛ばす,どうぞよろしく,作
,,飛び出す,灯台,策
,,留める,盗難,柵
,,友,当番,削減
,,共に,等分,錯誤
,,土曜,透明,作戦
,,虎,灯油,作物
,,取り上げる,東洋,叫び
,,努力,童話,裂ける
,,どれ,通り掛かる,捧げる
,,取れる,溶かす,差し掛かる
,,泥,尖る,指図
,,とんでもない,どきどき,差し出す
,,どんな,溶く,差し支える
,,どんなに,退く,差し引く
,,名,特殊,些事
,,内容,特色,授ける
,,なお,特長,嘸
,,仲,特定,定まる
,,流す,特売,定める
,,なかなか,溶け込む,錯覚
,,半ば,溶ける,早急
,,仲間,退ける,察する
,,眺め,床の間,さっと
,,眺める,床屋,冊
,,流れ,所々,殺人
,,流れる,都心,偖
,,無し,戸棚,悟る
,,なぜなら,とっくに,真実
,,謎,どっと,裁く
,,納得,整う,錆び
,,等,留まる,左程
,,七,どなる,様
,,何,飛び込む,三味線
,,何か,跳ぶ,侍
,,なにも,留まる,然も
,,鍋,泊める,作用
,,生,ともかく,左様なら
,,生,捕える,拐う
,,怠ける,取り入れる,爽やか
,,波,取り消す,障る
,,涙,取り出す,酸
,,悩む,採る,さん
,,為る,捕る,酸化
,,成る,トレーニング,山岳
,,縄,丼,産休
,,何で,内科,桟橋
,,何でも,内線,参議院
,,何とか,ナイロン,産後
,,似合う,治す,産出
,,匂い,永い,参照
,,苦手,仲直り,参上
,,握る,長引く,賛成
,,日,中身,賛美
,,日常,中味,産婦人科
,,日曜,中指,産物
,,日光,仲良し,山腹
,,にっこり,慰める,山脈
,,日中,亡くす,財
,,日本,なぐる,財源
,,入学,為す,在庫
,,入場,謎謎,財政
,,人気,傾らか,座談会
,,人間,懐かしい,雑貨
,,抜く,撫でる,雑
,,抜ける,斜め,雑談
,,布,なにしろ,雑木
,,濡れる,何々,座標
,,根,何分,残金
,,値,生意気,残酷
,,願い,並木,残高
,,願う,倣う,死
,,鼠,鳴らす,し
,,値段,生る,次
,,熱心,馴れる,仕上がり
,,熱帯,南極,仕上げ
,,熱中する,なんとなく,仕上げる
,,年間,なんとも,明々後日
,,年月,ナンバー,飼育
,,年中,南米,強いて
,,年代,南北,強いる
,,年齢,煮える,仕入れる
,,野,匂う,しいんと
,,能,逃がす,歯科
,,農家,憎い,資格
,,農業,憎む,視覚
,,農民,憎らしい,仕掛け
,,能力,にこにこ,仕掛ける
,,軒,濁る,然し
,,残す,虹,然しながら
,,残り,日時,而も
,,乗せる,日用品,市街
,,除く,日課,指揮
,,望み,日程,色彩
,,望む,鈍い,式場
,,後,入社,為来り
,,喉,女房,頻りに
,,伸ばす,睨む,仕切る
,,伸びる,煮る,資金
,,述べる,俄,施行
,,昇る,縫う,しくじる
,,のんびり,濡らす,仕組み
,,場,ねじ,死刑
,,はあ,捩る,湿気る
,,灰,ネックレス,思考
,,梅雨,熱する,志向
,,配達,寝間着,嗜好
,,俳優,寝巻,視察
,,墓,狙い,資産
,,馬鹿,狙う,刺繍
,,博士,年度,支持
,,計る,農産物,指示
,,履く,農村,雫
,,吐く,濃度,沈める
,,拍手,農薬,施設
,,莫大,能率,子息
,,爆発,のこぎり,慕う
,,博物館,残らず,従って
,,激しい,載せる,下心
,,はさみ,覗く,親しむ
,,破産,延ばす,下調べ
,,端,延びる,下地
,,始まり,上り,認める
,,外す,上る,仕立てる
,,旗,糊,下取り
,,肌,乗換,下火
,,裸,載る,失格
,,畑,鈍い,確り
,,二十,のろのろ,質素
,,働き,呑気,失調
,,発見,灰色,嫉妬
,,発行,俳句,尻尾
,,発車,拝見,室
,,罰する,売店,質疑
,,発達,バイバイ,躾
,,ばったり,売買,仕付ける
,,発展,這う,指摘
,,発表,生える,視点
,,発明,剥す,萎びる
,,話し合う,ばからしい,嫋か
,,離す,秤,屎尿
,,放す,量る,凌ぐ
,,離れる,測る,始発
,,羽,吐き気,芝
,,幅,はきはき,屡
,,母親,掃く,暫く
,,省く,歯車,痺れる
,,場面,バケツ,渋い
,,腹,挟まる,私物
,,原,挟む,しぶとい
,,針,箸,司法
,,張る,梯子,脂肪
,,番,始めに,志望
,,範囲,初めに,萎む
,,反抗,はじめまして,仕舞
,,犯罪,斜,仕舞う
,,判断,外れる,しまった
,,犯人,パターン,始末
,,販売,肌着,泌み泌み
,,灯,果して,染みる
,,被害,鉢,使命
,,比較,,締め切り
,,轢く,発揮,僕
,,悲劇,バック,社交
,,飛行,発射,謝絶
,,膝,発想,社宅
,,非常,発電,吃逆
,,美人,発売,喋る
,,額,派手,斜面
,,びっくり,話合い,洒落
,,日付,話し掛ける,洒落る
,,必死,話中,視野
,,ぴったり,甚だしい,種
,,引っ張る,花火,衆
,,否定,花嫁,周
,,一言,放れる,収益
,,人込み,羽根,修学
,,等しい,ばね,周期
,,独り,跳ねる,衆議院
,,一人一人,破片,就業
,,批判,歯磨き,修行
,,批評,はめる,集計
,,秘密,早口,襲撃
,,微妙,流行る,収支
,,紐,払い込む,終始
,,表,払い戻す,修士
,,費用,バランス,収集
,,秒,針金,修飾
,,評価,張り切る,終日
,,表現,反映,執着
,,表情,半径,収容
,,平等,判子,修了
,,評判,万歳,守衛
,,表面,判事,主演
,,広がる,反省,主観
,,品,番地,祝賀
,,瓶,パンツ,宿命
,,便,バンド,主権
,,不,半島,手芸
,,無,ハンドル,主催
,,分,日当たり,取材
,,不安,日帰り,趣旨
,,風景,比較的,主食
,,夫婦,日陰,主人公
,,笛,ぴかぴか,主体
,,不可,引受る,主題
,,武器,引返す,出血
,,服装,引算,出産
,,含む,引出す,出社
,,袋,引き止める,出生
,,不幸,卑怯,出世
,,節,引分け,出費
,,無事,髭,出品
,,不思議,陽射,出演
,,不自由,肘,出題
,,夫人,ピストル,出動
,,婦人,ビタミン,主導
,,不正,ぴたり,主任
,,防ぐ,引っ掛かる,首脳
,,不足,筆記,守備
,,舞台,引っ繰り返す,手法
,,双子,引っ繰り返る,私有
,,再び,引越し,諸
,,普段,引っ込む,背負う
,,縁,筆者,象
,,打つ,必需品,症
,,物価,人差指,傷
,,物質,一通り,商
,,物理,人通り,消去
,,筆,ひとまず,衝撃
,,ふと,瞳,証言
,,船,一休み,証拠
,,部分,独り言,消耗
,,不平,ひとりでに,照合
,,不満,ビニール,詳細
,,不利,皮肉,昇進
,,振る,日日,少数
,,震える,捻る,称する
,,触れる,日の入り,消息
,,風呂,日の出,承諾
,,分,響き,象徴
,,文,響く,小児科
,,雰囲気,皮膚,証人
,,分析,冷やす,照明
,,文明,ひゃっかじてん,勝利
,,分野,美容,奨励
,,塀,表紙,職員
,,平均,標識,植民地
,,平和,標準,職務
,,別に,標本,諸君
,,減らす,評論,所在
,,減る,平仮名,所々
,,変化,ビルディング,所持
,,勉強,昼寝,所属
,,変更,広げる,処置
,,弁当,広さ,しょっちゅう
,,方,広場,所定
,,法,広々,所得
,,棒,広める,初版
,,冒険,ピンク,処罰
,,方向,便箋,書評
,,報告,瓶詰,処分
,,宝石,ファスナー,庶民
,,放送,風船,庶務
,,豊富,不運,私用
,,方法,殖える,仕様
,,方々,深まる,使用人
,,訪問,不規則,調べ
,,吠える,普及,知り合い
,,頬,付近,退く
,,他,拭く,退ける
,,誇り,副詞,記す
,,埃,複写,指令
,,保証,複数,代
,,保存,含める,皺
,,程,膨らます,新
,,歩道,膨らむ,進化
,,仏,不潔,殿
,,骨,更ける,審議
,,炎,符号,進行
,,頬,夫妻,新興
,,ほぼ,塞がる,振興
,,微笑む,塞ぐ,申告
,,褒める,ふざける,新婚
,,濠,無沙汰,審査
,,本当,武士,紳士
,,本人,部首,進出
,,本物,襖,信者
,,ぼんやり,附属,真珠
,,間,蓋,心中
,,まあ,不通,心情
,,マイク,ぶつかる,新人
,,迷子,ぶつける,神聖
,,任せる,物騒,親善
,,幕,ぶつぶつ,真相
,,負け,船便,新築
,,孫,部品,進呈
,,まさか,吹雪,進展
,,まさに,父母,神殿
,,真面目,踏切,進度
,,増す,麓,振動
,,先ず,増やす,新入生
,,貧しい,殖やす,信任
,,ますます,フライパン,審判
,,又,ブラウス,神秘
,,未だ,ぶらさげる,辛抱
,,街,ブラシ,真理
,,間違い,プラスチック,侵略
,,松,プラットホーム,診療
,,真っ赤,フリー,進路
,,真っ直ぐ,振り仮名,自覚
,,全く,プリント,地方
,,祭,振舞う,自我
,,学ぶ,ブローチ,磁気
,,真似,プログラム,磁器
,,招く,風呂敷,事業
,,豆,ふわふわ,地形
,,守る,噴火,軸
,,丸,分解,自己
,,丸い,文芸,事項
,,まるで,文献,時刻表
,,回す,噴水,地獄
,,回り,分数,時差
,,万一,文体,自在
,,満足,分布,自主
,,身,文房具,自首
,,実,文脈,辞職
,,見送り,分量,自信
,,味方,分類,事前
,,見事,閉会,自尊心
,,満ちる,平気,持続
,,密な,並行,字体
,,認める,平日,辞退
,,見舞い,兵隊,じっくり
,,土産,平凡,実質
,,都,平野,実践
,,妙,凹む,実態
,,明後日,へそ,実費
,,未来,隔てる,十分
,,魅力,別荘,実
,,皆,別々,実業家
,,無,ベテラン,実情
,,向かい,ヘリコプター,自転
,,迎え,へる,自動詞
,,向く,ぺん,地主
,,向ける,編集,耳鼻科
,,無視,便所,地元
,,虫歯,ペンチ,弱
,,寧ろ,望遠鏡,若干
,,結ぶ,方角,砂利
,,無駄,箒,じゃん拳
,,夢中,方言,住
,,胸,坊さん,従業員
,,無料,防止,従事
,,芽,方針,充実
,,明確,包装,十字路
,,命じる,法則,絨毯
,,名人,包帯,柔軟
,,命令,膨大,重複
,,迷惑,庖丁,重宝
,,飯,方程式,従来
,,滅多に,防犯,塾
,,面,方面,樹木
,,綿,坊や,樹立
,,免許,放る,準急
,,面倒,ボーナス,準じる
,,申し込む,朗らか,準ずる
,,申し訳,牧場,助
,,毛布,牧畜,情
,,燃える,保健,尉
,,目的,募集,嬢
,,目標,干す,状
,,木曜,ポスター,上位
,,文字,北極,上演
,,もしも,坊っちゃん,城下
,,持ち上げる,ほどく,乗客
,,用いる,堀,上空
,,勿論,掘る,上司
,,最も,彫る,情緒
,,尤も,ぼろ,上昇
,,元,盆,情勢
,,基,盆地,情熱
,,戻す,本部,丈夫
,,基づく,本来,譲歩
,,求める,まあまあ,条約
,,者,枚数,上陸
,,物音,毎度,蒸留
,,物語,マイナス,除外
,,物事,巻く,助言
,,模様,蒔く,徐行
,,貰う,撒く,女史
,,文句,枕,助詞
,,文字,曲げる,助動詞
,,やがて,まごまご,自立
,,役,摩擦,人
,,約,混ざる,人格
,,訳,交ざる,人材
,,役割,混じる,迅速
,,家賃,交じる,人体
,,厄介,マスク,人民
,,宿,混ぜる,人目
,,雇う,交ぜる,水気
,,屋根,またぐ,水源
,,やはり,又は,推進
,,破る,待合室,水洗
,,辞める,待ち合わせる,吹奏
,,やや,街角,推測
,,唯一,真っ暗,水田
,,言う,真っ黒,推理
,,勇気,真っ青,数詞
,,有効,真っ先,崇拝
,,優秀,真っ白,据え付ける
,,優勝,祭る,据える
,,友情,窓口,清々しい
,,友人,纏まる,過ぎ
,,有能,纏める,救い
,,郵便,真似る,掬う
,,夕べ,まぶしい,少なくとも
,,有利,まぶた,直ぐ
,,床,マフラー,健やか
,,愉快,間も無く,濯ぐ
,,輸出,マラソン,進み
,,譲る,円い,勧め
,,豊か,稀,裾
,,ゆっくり,回り道,廃れる
,,輸入,満員,酸っぱい
,,許す,マンション,素敵
,,夜,満点,即ち
,,夜明け,見送る,すばしこい
,,よい,見下ろす,素早い
,,様,見掛け,済ます
,,酔う,三日月,澄ます
,,容易,岬,済まない
,,陽気な,みじめ,済みません
,,要求,ミシン,天皇
,,用心,店屋,刷り
,,様子,見出し,剃る
,,要するに,道順,擦れ違い
,,要素,見付かる,すれ違う
,,要点,見付ける,擦れる
,,曜日,みっともない,すんなり
,,予期,見直す,図々しい
,,横切る,見慣れる,ずばり
,,予算,醜い,ずぶ濡れ
,,止す,実る,ずらっと
,,予測,身分,ずるずる
,,夜中,見本,ずれ
,,世の中,見舞う,ずれる
,,余分,未満,制
,,予報,名字,生育
,,予防,ミリ,成果
,,読み,診る,正解
,,嫁,民間,正規
,,余裕,民謡,正義
,,よると,向う,生計
,,喜び,剥く,政権
,,宜しい,無限,精巧
,,よろしく,無地,制裁
,,四,蒸し暑い,政策
,,来,矛盾,清算
,,楽,蒸す,星座
,,利益,無数,生死
,,理解,紫,静止
,,陸,群れ,青春
,,利口,姪,聖書
,,離婚,名作,誠実
,,理想,名刺,成熟
,,率,名詞,清純
,,立派,名所,正常
,,留学,命ずる,制する
,,流行,迷信,整然
,,量,名物,盛装
,,両替,銘々,盛大
,,料金,目上,清濁
,,例,メーター,制定
,,礼,恵まれる,静的
,,礼儀,巡る,製鉄
,,冷静,目指す,晴天
,,列,目覚し,正当
,,列車,目下,成年
,,練習,目印,制服
,,連想,目立つ,征服
,,連続,めちゃくちゃ,製法
,,老人,めっきり,精密
,,労働,めでたい,声明
,,論じる,メニュー,姓名
,,論争,めまい,制約
,,論文,目安,生理
,,輪,免税,勢力
,,わがまま,面積,整列
,,別れ,面接,急かす
,,脇,面倒臭い,伜
,,分ける,儲かる,責務
,,わざと,儲ける,世辞
,,僅か,申し訳ない,世帯
,,綿,モーター,世代
,,話題,木材,切開
,,笑い,目次,接触
,,割る,潜る,設置
,,悪口,もしかしたら,折衷
,,我々,もしかすると,設定
,,湾,もたれる,説得
,,アイスクリーム,モダン,節
,,アイロン,餅,切実
,,アウト,もったいない,接続詞
,,アルバム,モデル,切ない
,,インク,元々,設立
,,ウイスキー,物置,攻め
,,エネルギー,物語る,世論
,,エンジン,物差し,仙
,,オーバー,物凄い,前
,,オフィス,モノレール,繊維
,,カー,紅葉,選挙
,,カード,揉む,宣教
,,キャプテン,燃やす,宣言
,,キャンプ,催し,先行
,,キロ,盛る,選考
,,クラシック,問答,戦災
,,グラス,やかましい,専修
,,グランド,夜間,戦術
,,クリーム,薬缶,潜水
,,クリスマス,役者,先先月
,,グループ,役所,先先週
,,ケース,訳す,先代
,,ゲーム,役人,先だって
,,コーチ,薬品,先着
,,コード,役目,先天的
,,ゴール,火傷,戦闘
,,コピー,夜行,潜入
,,コンピューター,矢印,船舶
,,サービス,矢鱈に,専用
,,サイン,薬局,占領
,,ジーンズ,やっつける,戦力
,,ジェット機,家主,税務署
,,ジュース,やっぱり,是正
,,スイッチ,破く,絶版
,,スープ,破れる,絶望
,,スキー,やむをえない,是非とも
,,スケート,軟らかい,膳
,,スター,遊園地,禅
,,スタイル,夕刊,全快
,,スタンド,友好,全盛
,,スピーチ,郵送,前提
,,セット,夕立,前途
,,センター,夕日,全滅
,,ソファー,悠々,善良
,,タイプライター,有料,前例
,,ダイヤ,浴衣,僧
,,タオル,湯気,沿う
,,ダンス,輸血,添う
,,チーズ,輸送,総
,,チーム,油断,相応
,,チャンス,ゆでる,総会
,,デート,湯飲み,創刊
,,デモ,緩い,送金
,,テント,溶岩,走行
,,トップ,容器,総合
,,ドライブ,用語,捜査
,,トラック,要旨,捜索
,,ドラマ,幼児,然うして
,,トランプ,容積,装飾
,,ドレス,幼稚,操縦
,,トン,幼稚園,創造
,,トンネル,用途,壮大
,,ノー,洋品店,騒動
,,ノック,養分,遭難
,,パーセント,羊毛,相場
,,バイオリン,漸く,装備
,,ハイキング,要領,創立
,,パイプ,欲張り,添える
,,パイロット,余計,即座に
,,パス,よこす,促進
,,パスポート,汚す,即する
,,バッグ,寄せる,束縛
,,バン,余所,側面
,,ハンサム,四つ角,其処
,,ビール,酔っ払い,其処で
,,ピクニック,予備,損なう
,,ビデオ,呼び掛ける,其処ら
,,ピン,呼び出す,素材
,,プラス,蘇る,阻止
,,プラン,因る,然して
,,ブレーキ,慶び,訴訟
,,プロ,慶ぶ,育ち
,,ベルト,来日,措置
,,ペンキ,落第,其方
,,ベンチ,ラッシュアワー,素っ気ない
,,ボーイ,欄,率直
,,ボート,ランチ,外方
,,ホーム,ランニング,備え付ける
,,ボール,乱暴,備わる
,,マーケット,理科,園
,,マイク,利害,その上
,,マスター,リズム,その内
,,ママ,リットル,その為
,,ミス,リボン,その外
,,ミルク,略す,其の儘
,,メモ,流域,聳える
,,メンバー,寮,素朴
,,ユーモア,両側,染まる
,,ヨーロッパ,漁師,背く
,,ヨット,領事,染める
,,ライター,領収,逸らす
,,ラケット,臨時,反り
,,レポート,留守番,其れ
,,ロケット,例外,其れから
,,ワイン,零点,各々
,,,冷凍,其れで
,,,レインコート,其れでは
,,,レクリェーション,其れでも
,,,レジャー,其れ共
,,,列島,其れに
,,,レベル,其れ程
,,,リポート,其れ故
,,,煉瓦,揃い
,,,連合,徐々
,,,レンズ,損失
,,,蝋燭,存続
,,,ローマじ,沿い
,,,録音,像
,,,ロッカー,増強
,,,ロビー,蔵相
,,,論ずる,増進
,,,和英,ぞんざい
,,,分かる,他意
,,,分かれる,対応
,,,若々しい,退化
,,,湧く,体格
,,,詫びる,大概
,,,和服,退学
,,,わりあいに,大金
,,,割算,待遇
,,,割と,対決
,,,割引,体験
,,,椀,対抗
,,,碗,対して
,,,ワンピース,大衆
,,,,対処
,,,,退職
,,,,退治
,,,,態勢
,,,,対談
,,,,対等
,,,,滞納
,,,,対比
,,,,大部
,,,,対辺
,,,,待望
,,,,怠慢
,,,,対面
,,,,対立
,,,,体力
,,,,対話
,,,,耐える
,,,,絶える
,,,,堪える
,,,,高
,,,,高まる
,,,,焚火
,,,,沢山
,,,,逞しい
,,,,巧み
,,,,類
,,,,丈
,,,,足し算
,,,,多数決
,,,,助け
,,,,携わる
,,,,漂う
,,,,館
,,,,立方
,,,,忽ち
,,,,立ち寄る
,,,,達者
,,,,達成
,,,,たった
,,,,尊い
,,,,貴い
,,,,尊ぶ
,,,,絶つ
,,,,盾
,,,,建前
,,,,奉る
,,,,例え
,,,,仮令
,,,,他動詞
,,,,辿り着く
,,,,辿る
,,,,掌
,,,,楽しむ
,,,,頼み
,,,,煙草
,,,,度々
,,,,他方
,,,,多忙
,,,,給う
,,,,偶に
,,,,堪らない
,,,,溜まり
,,,,賜る
,,,,例
,,,,躊躇う
,,,,保つ
,,,,容易い
,,,,多様
,,,,弛み
,,,,弛む
,,,,誰
,,,,垂れる
,,,,歎
,,,,反
,,,,単一
,,,,短歌
,,,,担架
,,,,短気
,,,,探検
,,,,短縮
,,,,箪笥
,,,,炭素
,,,,短大
,,,,単調
,,,,単独
,,,,短波
,,,,蛋白質
,,,,第
,,,,大胆
,,,,台無し
,,,,大便
,,,,代弁
,,,,台本
,,,,代用
,,,,打開
,,,,妥協
,,,,丈
,,,,妥結
,,,,打撃
,,,,駄作
,,,,脱出
,,,,脱する
,,,,脱退
,,,,だぶだぶ
,,,,騙す
,,,,だらけ
,,,,怠い
,,,,壇
,,,,団結
,,,,断言
,,,,断然
,,,,段々
,,,,旦那
,,,,断面
,,,,弾力
,,,,治安
,,,,近付く
,,,,違える
,,,,契る
,,,,畜産
,,,,畜生
,,,,蓄積
,,,,知性
,,,,乳
,,,,父母
,,,,縮まる
,,,,窒息
,,,,些とも
,,,,秩序
,,,,知的
,,,,著
,,,,着
,,,,着手
,,,,着色
,,,,着席
,,,,着目
,,,,着陸
,,,,着工
,,,,茶の間
,,,,茶の湯
,,,,ちやほや
,,,,昼間
,,,,宙返り
,,,,中継
,,,,忠告
,,,,中指
,,,,中傷
,,,,忠実
,,,,中枢
,,,,抽選
,,,,中断
,,,,中腹
,,,,中毒
,,,,仲人
,,,,昼飯
,,,,中立
,,,,中和
,,,,腸
,,,,蝶
,,,,超
,,,,庁
,,,,調印
,,,,聴覚
,,,,長官
,,,,聴講
,,,,徴収
,,,,聴診器
,,,,挑戦
,,,,長大
,,,,調停
,,,,恰度
,,,,長編
,,,,丁目
,,,,調理
,,,,調和
,,,,ちょくちょく
,,,,直面
,,,,著書
,,,,貯蓄
,,,,直感
,,,,一寸
,,,,著名
,,,,ちらっと
,,,,塵取り
,,,,治療
,,,,賃金
,,,,沈殿
,,,,沈没
,,,,沈黙
,,,,陳列
,,,,追及
,,,,追跡
,,,,次いで
,,,,追放
,,,,費やす
,,,,墜落
,,,,通
,,,,痛感
,,,,通常
,,,,痛切
,,,,杖
,,,,遣い
,,,,使い道
,,,,仕える
,,,,司る
,,,,束の間
,,,,付き
,,,,付き合う
,,,,月並み
,,,,尽きる
,,,,継ぎ目
,,,,吐く
,,,,尽くす
,,,,作り
,,,,造り
,,,,造る
,,,,繕う
,,,,接ぐ
,,,,継ぐ
,,,,付け加える
,,,,告げる
,,,,辻褄
,,,,途中
,,,,突っ張る
,,,,筒
,,,,銃
,,,,突く
,,,,慎む
,,,,伝言
,,,,勤まる
,,,,勤め先
,,,,努めて
,,,,津波
,,,,抓る
,,,,募る
,,,,唾
,,,,呟く
,,,,瞑る
,,,,壷
,,,,蕾
,,,,躓く
,,,,摘む
,,,,詰らない
,,,,詰まり
,,,,積もり
,,,,露
,,,,強まる
,,,,強める
,,,,連なる
,,,,貫く
,,,,連ねる
,,,,釣り
,,,,吊り革
,,,,釣鐘
,,,,吊るす
,,,,手当て
,,,,体
,,,,提供
,,,,定義
,,,,提携
,,,,体裁
,,,,梯子
,,,,定食
,,,,提示
,,,,訂正
,,,,停滞
,,,,邸宅
,,,,定年
,,,,堤防
,,,,手遅れ
,,,,手数
,,,,手掛かり
,,,,手掛ける
,,,,手軽
,,,,適応
,,,,適宜
,,,,適性
,,,,手際
,,,,手順
,,,,手錠
,,,,手近
,,,,てっきり
,,,,鉄鋼
,,,,徹する
,,,,鉄片
,,,,手配
,,,,手筈
,,,,手引き
,,,,手本
,,,,手回し
,,,,手元
,,,,照り返す
,,,,手分け
,,,,店
,,,,点火
,,,,転回
,,,,転換
,,,,転居
,,,,転勤
,,,,点検
,,,,転校
,,,,天国
,,,,天才
,,,,天災
,,,,展示
,,,,天井
,,,,転じる
,,,,点線
,,,,天体
,,,,転転
,,,,てんで
,,,,転任
,,,,展望
,,,,転落
,,,,出合う
,,,,出入り口
,,,,でかい
,,,,出来物
,,,,出切る
,,,,出くわす
,,,,出鱈目
,,,,出直し
,,,,田園
,,,,電源
,,,,伝説
,,,,電線
,,,,伝達
,,,,伝来
,,,,と
,,,,問い合わせる
,,,,問屋
,,,,問う
,,,,棟
,,,,等
,,,,陶器
,,,,等級
,,,,討議
,,,,登校
,,,,統合
,,,,倒産
,,,,投資
,,,,統治
,,,,統制
,,,,当選
,,,,逃走
,,,,統率
,,,,到達
,,,,到底
,,,,丁々
,,,,投入
,,,,当人
,,,,逃亡
,,,,冬眠
,,,,登録
,,,,討論
,,,,遠ざかる
,,,,遠回り
,,,,通りかかる
,,,,兎角
,,,,咎める
,,,,時折
,,,,跡切れる
,,,,説く
,,,,特技
,,,,特産
,,,,特集
,,,,得点
,,,,特派
,,,,特有
,,,,研ぐ
,,,,刺
,,,,遂げる
,,,,床
,,,,所が
,,,,所で
,,,,年頃
,,,,年寄り
,,,,戸締り
,,,,途上
,,,,綴じる
,,,,途絶える
,,,,特許
,,,,疾っくに
,,,,特権
,,,,咄嗟
,,,,取っ手
,,,,突破
,,,,突如
,,,,迚も
,,,,整える
,,,,届け
,,,,滞る
,,,,止まる
,,,,留める
,,,,止める
,,,,唱える
,,,,兎に角
,,,,殿様
,,,,幕
,,,,帳
,,,,扉
,,,,徒歩
,,,,乏しい
,,,,富
,,,,富む
,,,,兎も角
,,,,共稼ぎ
,,,,灯
,,,,伴う
,,,,共働き
,,,,捕らえる
,,,,取りあえず
,,,,取り扱い
,,,,取り扱う
,,,,鳥居
,,,,取り替え
,,,,取り組む
,,,,取り締まり
,,,,取り締まる
,,,,取り調べる
,,,,取り立てる
,,,,取り次ぐ
,,,,取り除く
,,,,取り引き
,,,,取り巻く
,,,,取り混ぜる
,,,,取り戻す
,,,,取り寄せる
,,,,取り分
,,,,蕩ける
,,,,とんだ
,,,,胴
,,,,働
,,,,同
,,,,同意
,,,,動員
,,,,同感
,,,,動機
,,,,同級
,,,,同居
,,,,動向
,,,,同士
,,,,同志
,,,,如何して
,,,,如何しても
,,,,同情
,,,,道場
,,,,何卒
,,,,どうぞ宜しく
,,,,同調
,,,,動的
,,,,同等
,,,,堂々
,,,,どうにか
,,,,導入
,,,,同封
,,,,同盟
,,,,どうやら
,,,,動揺
,,,,動力
,,,,独裁
,,,,読者
,,,,独自
,,,,独占
,,,,独創
,,,,何処
,,,,何処か
,,,,土産
,,,,土台
,,,,何方
,,,,土手
,,,,何方
,,,,怒鳴る
,,,,何の
,,,,土俵
,,,,土木
,,,,何れ
,,,,何々
,,,,度忘れ
,,,,鈍感
,,,,内閣
,,,,乃至
,,,,内臓
,,,,内部
,,,,内乱
,,,,内陸
,,,,苗
,,,,尚
,,,,尚更
,,,,中程
,,,,流し
,,,,長々
,,,,殴る
,,,,嘆く
,,,,投げ出す
,,,,和やか
,,,,名残
,,,,情け
,,,,情け深い
,,,,為さる
,,,,詰る
,,,,何故
,,,,何故なら
,,,,名高い
,,,,雪崩
,,,,懐く
,,,,名付ける
,,,,何気ない
,,,,何しろ
,,,,何卒
,,,,何も
,,,,何より
,,,,七日
,,,,名札
,,,,生臭い
,,,,生温い
,,,,生身
,,,,鉛
,,,,鈍る
,,,,並み
,,,,滑らか
,,,,嘗める
,,,,悩ましい
,,,,悩ます
,,,,悩み
,,,,平均
,,,,慣らす
,,,,馴らす
,,,,並びに
,,,,成り立つ
,,,,成る丈
,,,,成るべく
,,,,慣れ
,,,,馴れ馴れしい
,,,,難
,,,,南
,,,,なんか
,,,,何だか
,,,,なんだかんだ
,,,,何て
,,,,何と
,,,,何となく
,,,,何とも
,,,,何なり
,,,,荷
,,,,似通う
,,,,面皰
,,,,賑わう
,,,,悪い
,,,,憎しみ
,,,,肉親
,,,,肉体
,,,,逃げ出す
,,,,西日
,,,,滲む
,,,,日夜
,,,,日当
,,,,荷造り
,,,,担う
,,,,二人
,,,,にも拘らず
,,,,入手
,,,,入賞
,,,,入浴
,,,,尿
,,,,俄か
,,,,認識
,,,,妊娠
,,,,人情
,,,,任務
,,,,任命
,,,,抜かす
,,,,抜け出す
,,,,盗み
,,,,沼
,,,,音
,,,,値打ち
,,,,寝かせる
,,,,捻子
,,,,ねじ回し
,,,,捻じれる
,,,,鼠
,,,,妬む
,,,,強請る
,,,,熱湯
,,,,熱意
,,,,熱量
,,,,粘り
,,,,粘る
,,,,値引き
,,,,根回し
,,,,眠たい
,,,,練る
,,,,念
,,,,年鑑
,,,,年号
,,,,燃焼
,,,,年生
,,,,年長
,,,,燃料
,,,,年輪
,,,,脳
,,,,農耕
,,,,農場
,,,,農地
,,,,納入
,,,,逃す
,,,,逃れる
,,,,軒並み
,,,,鋸
,,,,望ましい
,,,,臨む
,,,,乗っ取る
,,,,長閑
,,,,罵る
,,,,延べ
,,,,飲み込む
,,,,乗り換え
,,,,乗り込む
,,,,刃
,,,,派
,,,,把握
,,,,肺
,,,,廃棄
,,,,配給
,,,,配偶者
,,,,拝啓
,,,,背景
,,,,背後
,,,,灰皿
,,,,廃止
,,,,拝借
,,,,排除
,,,,排水
,,,,敗戦
,,,,配置
,,,,配布
,,,,配分
,,,,配慮
,,,,配列
,,,,映える
,,,,破壊
,,,,墓地
,,,,捗る
,,,,果ない
,,,,諮る
,,,,図る
,,,,剥がす
,,,,破棄
,,,,泊
,,,,迫害
,,,,薄弱
,,,,白状
,,,,剥ぐ
,,,,派遣
,,,,励ます
,,,,励む
,,,,剥げる
,,,,鋏
,,,,柱
,,,,橋渡し
,,,,恥
,,,,弾く
,,,,始め
,,,,始めまして
,,,,恥じらう
,,,,恥じる
,,,,蓮
,,,,筈
,,,,弾む
,,,,破損
,,,,機
,,,,果たして
,,,,果たす
,,,,裸足
,,,,蜂蜜
,,,,発掘
,,,,発生
,,,,発足
,,,,初
,,,,発
,,,,発育
,,,,発芽
,,,,発言
,,,,発病
,,,,初耳
,,,,果て
,,,,果てる
,,,,話し合い
,,,,甚だ
,,,,華々しい
,,,,花びら
,,,,華やか
,,,,阻む
,,,,浜
,,,,浜辺
,,,,填まる
,,,,歯磨
,,,,填める
,,,,生やす
,,,,早める
,,,,流行
,,,,腹立ち
,,,,原っぱ
,,,,張り紙
,,,,遥か
,,,,破裂
,,,,腫れる
,,,,班
,,,,判
,,,,版
,,,,繁栄
,,,,反感
,,,,版画
,,,,反響
,,,,判決
,,,,反撃
,,,,反射
,,,,繁殖
,,,,繁盛
,,,,反する
,,,,判定
,,,,反応
,,,,半端
,,,,反発
,,,,反乱
,,,,氾濫
,,,,黴菌
,,,,賠償
,,,,倍率
,,,,馬鹿馬鹿しい
,,,,馬鹿らしい
,,,,漠然
,,,,爆弾
,,,,爆破
,,,,暴露
,,,,化ける
,,,,罰
,,,,伐
,,,,ばてる
,,,,発条
,,,,散蒔く
,,,,判
,,,,万
,,,,万人
,,,,万能
,,,,番目
,,,,非
,,,,費
,,,,延いては
,,,,控室
,,,,控える
,,,,悲観
,,,,匹
,,,,引き上げる
,,,,率いる
,,,,引き受ける
,,,,引き起こす
,,,,引き下げる
,,,,引きずる
,,,,引き取る
,,,,引き分け
,,,,否決
,,,,非行
,,,,日頃
,,,,久しい
,,,,久し振り
,,,,悲惨
,,,,秘書
,,,,比重
,,,,密か
,,,,浸す
,,,,一向
,,,,左利き
,,,,引っ掻く
,,,,引っ掛ける
,,,,必修
,,,,匹敵
,,,,未
,,,,必然
,,,,一息
,,,,単
,,,,人柄
,,,,一頃
,,,,人質
,,,,一筋
,,,,一まず
,,,,一人でに
,,,,酷い
,,,,日取り
,,,,雛
,,,,日向
,,,,非難
,,,,避難
,,,,日の丸
,,,,火花
,,,,日々
,,,,悲鳴
,,,,百科事典
,,,,百科辞典
,,,,冷やかす
,,,,日焼け
,,,,票
,,,,標語
,,,,ひょっと
,,,,平たい
,,,,比率
,,,,肥料
,,,,比例
,,,,疲労
,,,,広まる
,,,,貧困
,,,,品質
,,,,品種
,,,,貧弱
,,,,頻繁
,,,,美
,,,,微笑
,,,,美術
,,,,吃驚
,,,,びっしょり
,,,,描写
,,,,びり
,,,,微量
,,,,敏感
,,,,貧乏
,,,,歩
,,,,不意
,,,,封
,,,,封鎖
,,,,風習
,,,,風俗
,,,,風土
,,,,不可欠
,,,,深める
,,,,不吉
,,,,不況
,,,,布巾
,,,,福
,,,,復旧
,,,,複合
,,,,福祉
,,,,覆面
,,,,膨れる
,,,,不景気
,,,,老ける
,,,,布告
,,,,富豪
,,,,負債
,,,,相応しい
,,,,不在
,,,,不山戯る
,,,,負傷
,,,,不審
,,,,不振
,,,,不順
,,,,付属
,,,,負担
,,,,不調
,,,,復活
,,,,復興
,,,,沸騰
,,,,仏
,,,,不図
,,,,不当
,,,,不動産
,,,,赴任
,,,,腐敗
,,,,不評
,,,,不便
,,,,不服
,,,,普遍
,,,,踏まえる
,,,,文
,,,,不明
,,,,扶養
,,,,振り
,,,,振り出し
,,,,不良
,,,,浮力
,,,,震わせる
,,,,付録
,,,,分
,,,,憤慨
,,,,紛失
,,,,噴出
,,,,紛争
,,,,ふんだん
,,,,奮闘
,,,,粉末
,,,,部
,,,,部下
,,,,ぶかぶか
,,,,侮辱
,,,,武装
,,,,斑
,,,,物資
,,,,物体
,,,,物議
,,,,打付ける
,,,,仏像
,,,,無難
,,,,部門
,,,,ぶら下げる
,,,,ぶらぶら
,,,,武力
,,,,無礼
,,,,文化財
,,,,分業
,,,,文語
,,,,分散
,,,,分子
,,,,文書
,,,,分担
,,,,分配
,,,,分母
,,,,分離
,,,,分裂
,,,,兵器
,,,,閉口
,,,,平行
,,,,閉鎖
,,,,兵士
,,,,平常
,,,,平方
,,,,並列
,,,,辟易
,,,,臍
,,,,隔たる
,,,,謙る
,,,,経る
,,,,編
,,,,偏
,,,,変革
,,,,返還
,,,,偏見
,,,,返済
,,,,変遷
,,,,返答
,,,,変動
,,,,弁解
,,,,便宜
,,,,弁護
,,,,弁償
,,,,弁論
,,,,ぺこぺこ
,,,,穂
,,,,保育
,,,,倣
,,,,法案
,,,,崩壊
,,,,法学
,,,,放棄
,,,,宝器
,,,,封建
,,,,豊作
,,,,方策
,,,,奉仕
,,,,方式
,,,,放射
,,,,放射能
,,,,報酬
,,,,放出
,,,,報じる
,,,,報ずる
,,,,放置
,,,,法廷
,,,,報道
,,,,褒美
,,,,葬る
,,,,放り込む
,,,,放り出す
,,,,飽和
,,,,保温
,,,,捕獲
,,,,保管
,,,,補給
,,,,補強
,,,,保険
,,,,捕鯨
,,,,誇る
,,,,綻びる
,,,,保護
,,,,乾
,,,,干し物
,,,,保守
,,,,保障
,,,,補償
,,,,補充
,,,,補助
,,,,舗装
,,,,補足
,,,,発作
,,,,ほっと
,,,,頬っぺた
,,,,辺り
,,,,殆ど
,,,,解く
,,,,施す
,,,,保母
,,,,保養
,,,,捕吏
,,,,捕虜
,,,,滅びる
,,,,滅ぼす
,,,,本格
,,,,本館
,,,,本気
,,,,本質
,,,,本体
,,,,本音
,,,,本の
,,,,本能
,,,,本場
,,,,本文
,,,,本名
,,,,卯
,,,,防衛
,,,,防火
,,,,妨害
,,,,紡績
,,,,呆然
,,,,膨脹
,,,,冒頭
,,,,暴動
,,,,暴風
,,,,暴力
,,,,募金
,,,,牧師
,,,,母校
,,,,没収
,,,,坊ちゃん
,,,,ぼつぼつ
,,,,没落
,,,,ぼやく
,,,,ぼやける
,,,,藍褸
,,,,枚
,,,,埋蔵
,,,,舞う
,,,,真上
,,,,前売り
,,,,前置き
,,,,前もって
,,,,任す
,,,,負かす
,,,,賄う
,,,,曲がる
,,,,巻
,,,,紛らわしい
,,,,紛れる
,,,,膜
,,,,捲る
,,,,真心
,,,,誠
,,,,真に
,,,,まごつく
,,,,正しく
,,,,正に
,,,,勝る
,,,,増し
,,,,真下
,,,,況して
,,,,交える
,,,,交わる
,,,,麻酔
,,,,益々
,,,,不味い
,,,,股
,,,,跨がる
,,,,跨ぐ
,,,,瞬き
,,,,待ち合わせ
,,,,間違う
,,,,待ち遠しい
,,,,待ち望む
,,,,区々
,,,,末期
,,,,真っ二つ
,,,,的
,,,,纏まり
,,,,纏め
,,,,免れる
,,,,招き
,,,,麻痺
,,,,眩しい
,,,,目蓋
,,,,間々
,,,,間もなく
,,,,眉
,,,,鞠
,,,,丸ごと
,,,,丸っきり
,,,,丸で
,,,,丸々
,,,,丸める
,,,,満月
,,,,満場
,,,,真ん中
,,,,真ん前
,,,,真ん丸い
,,,,三
,,,,見合い
,,,,見合わせる
,,,,見落とす
,,,,未開
,,,,味覚
,,,,見掛ける
,,,,三日月
,,,,見方
,,,,見苦しい
,,,,見込み
,,,,未婚
,,,,惨め
,,,,未熟
,,,,微塵
,,,,見すぼらしい
,,,,見せびらかす
,,,,見せ物
,,,,満たす
,,,,乱す
,,,,乱れる
,,,,未知
,,,,導く
,,,,身近
,,,,密集
,,,,密接
,,,,見っともない
,,,,蜜
,,,,密度
,,,,見積り
,,,,未定
,,,,見通し
,,,,源
,,,,身なり
,,,,峰
,,,,見逃す
,,,,見晴らし
,,,,身振り
,,,,見舞
,,,,脈
,,,,未練
,,,,見渡す
,,,,民主
,,,,民宿
,,,,民族
,,,,民俗
,,,,六
,,,,無意味
,,,,向き
,,,,無口
,,,,向け
,,,,婿
,,,,無効
,,,,無言
,,,,毟る
,,,,無邪気
,,,,結び
,,,,結び付き
,,,,結び付く
,,,,結び付ける
,,,,無線
,,,,無駄遣い
,,,,無断
,,,,無知
,,,,無茶
,,,,無茶苦茶
,,,,空しい
,,,,無念
,,,,無能
,,,,無闇に
,,,,無用
,,,,群がる
,,,,無論
,,,,名産
,,,,名称
,,,,命中
,,,,名簿
,,,,名誉
,,,,明瞭
,,,,明朗
,,,,目方
,,,,恵み
,,,,恵む
,,,,目覚しい
,,,,目覚める
,,,,召す
,,,,雌
,,,,滅茶苦茶
,,,,目付き
,,,,滅亡
,,,,愛でたい
,,,,目眩
,,,,目盛
,,,,面会
,,,,免除
,,,,面する
,,,,面目
,,,,設ける
,,,,申し入れる
,,,,申し込み
,,,,申出
,,,,申し出る
,,,,申し分
,,,,盲点
,,,,猛烈
,,,,藻掻く
,,,,目録
,,,,目論見
,,,,模型
,,,,模索
,,,,若し
,,,,若しかしたら
,,,,若しかして
,,,,若しかすると
,,,,若しくは
,,,,若しも
,,,,齎らす
,,,,凭れる
,,,,持ち
,,,,持ち切り
,,,,物体ない
,,,,以て
,,,,専ら
,,,,持て成す
,,,,持てる
,,,,基
,,,,物置き
,,,,物好き
,,,,物足りない
,,,,最早
,,,,模範
,,,,模倣
,,,,揉める
,,,,腿
,,,,催す
,,,,漏らす
,,,,盛り上がる
,,,,漏る
,,,,漏れる
,,,,脆い
,,,,もろに
,,,,問
,,,,矢
,,,,哉
,,,,喧しい
,,,,野外
,,,,軈て
,,,,夜行
,,,,役職
,,,,役立つ
,,,,役場
,,,,夜具
,,,,優
,,,,屋敷
,,,,養う
,,,,社
,,,,野心
,,,,易い
,,,,安っぽい
,,,,休める
,,,,野生
,,,,矢鱈に
,,,,夜中
,,,,奴
,,,,やっ付ける
,,,,矢っ張り
,,,,野党
,,,,病
,,,,闇
,,,,病む
,,,,止むを得ない
,,,,稍
,,,,ややこしい
,,,,遣り通す
,,,,やり遂げる
,,,,遣る
,,,,和らげる
,,,,優位
,,,,憂鬱
,,,,有益
,,,,優越
,,,,勇敢
,,,,有機
,,,,夕暮れ
,,,,融資
,,,,有する
,,,,融通
,,,,優勢
,,,,優先
,,,,誘導
,,,,優美
,,,,有望
,,,,遊牧
,,,,夕焼け
,,,,有力
,,,,幽霊
,,,,誘惑
,,,,揺さぶる
,,,,茹でる
,,,,ゆとり
,,,,指差す
,,,,弓
,,,,揺らぐ
,,,,緩む
,,,,緩める
,,,,緩やか
,,,,世
,,,,好い
,,,,要因
,,,,溶液
,,,,用件
,,,,養護
,,,,用紙
,,,,様式
,,,,要する
,,,,要請
,,,,養成
,,,,様相
,,,,用品
,,,,洋風
,,,,用法
,,,,要望
,,,,余暇
,,,,予感
,,,,余興
,,,,預金
,,,,抑圧
,,,,浴室
,,,,抑制
,,,,欲深い
,,,,欲望
,,,,寄こす
,,,,横綱
,,,,葦
,,,,善し悪し
,,,,予想
,,,,余所見
,,,,余地
,,,,依って
,,,,余程
,,,,与党
,,,,呼び止める
,,,,夜更かし
,,,,夜更け
,,,,読み上げる
,,,,寄り掛かる
,,,,宜しく
,,,,弱まる
,,,,弱める
,,,,弱る
,,,,来場
,,,,酪農
,,,,落下
,,,,楽観
,,,,濫用
,,,,理屈
,,,,利根
,,,,利子
,,,,利潤
,,,,理性
,,,,利息
,,,,立体
,,,,立法
,,,,利点
,,,,略語
,,,,略奪
,,,,流
,,,,流通
,,,,了
,,,,料
,,,,領域
,,,,了解
,,,,領海
,,,,両極
,,,,良好
,,,,良識
,,,,良質
,,,,了承
,,,,良心
,,,,領地
,,,,領土
,,,,両立
,,,,旅客
,,,,旅券
,,,,履歴
,,,,理論
,,,,輪
,,,,林業
,,,,類似
,,,,類推
,,,,冷酷
,,,,冷蔵
,,,,冷淡
,,,,恋愛
,,,,連休
,,,,連日
,,,,連中
,,,,連帯
,,,,連邦
,,,,連盟
,,,,老衰
,,,,朗読
,,,,浪費
,,,,労力
,,,,碌
,,,,碌
,,,,露骨
,,,,論議
,,,,論理
,,,,和
,,,,我がまま
,,,,枠
,,,,惑星
,,,,技
,,,,態と
,,,,態々
,,,,煩わしい
,,,,渡り鳥
,,,,詫び
,,,,和風
,,,,和文
,,,,藁
,,,,割合に
,,,,割り当て
,,,,割り込む
,,,,割り算
,,,,割引き
,,,,悪者
,,,,アイデア
,,,,アクセル
,,,,アップ
,,,,アプローチ
,,,,アマチュア
,,,,アラブ
,,,,アルカリ
,,,,アルミ
,,,,アワー
,,,,アンケート
,,,,アンコール
,,,,イエス
,,,,インターチェンジ
,,,,インターナショナル
,,,,インターフォン
,,,,インテリ
,,,,インフォメーション
,,,,インフレ
,,,,ウェートレス
,,,,エアメール
,,,,エレガント
,,,,エンジニア
,,,,オーケー
,,,,オートマチック
,,,,オープン
,,,,オリエンテーション
,,,,オレンジ
,,,,オンライン
,,,,カーペット
,,,,カクテル
,,,,カット
,,,,カテゴリー
,,,,カムバック
,,,,カメラマン
,,,,カルテ
,,,,カンニング
,,,,ガイド
,,,,ガイドブック
,,,,ガレージ
,,,,キャッチ
,,,,キャリア
,,,,クイズ
,,,,クラブ
,,,,クレーン
,,,,グラフ
,,,,グレー
,,,,ゲスト
,,,,コーナー
,,,,コマーシャル
,,,,コミュニケーション
,,,,コメント
,,,,コンタクト
,,,,コンテスト
,,,,コントラスト
,,,,コントロール
,,,,コンパス
,,,,サイクル
,,,,サイズ
,,,,サボる
,,,,サンキュー
,,,,サンタクロース
,,,,シート
,,,,システム
,,,,シック
,,,,シナリオ
,,,,ショー
,,,,ショック
,,,,ジーパン
,,,,ジャズ
,,,,ジャンパー
,,,,ジャンプ
,,,,ジャンボ
,,,,ジャンル
,,,,スタジオ
,,,,スチーム
,,,,ストライキ
,,,,ストレス
,,,,ストロー
,,,,ストロボ
,,,,スピード
,,,,スプリング
,,,,スペース
,,,,スポーツカー
,,,,スラックス
,,,,セール
,,,,セクション
,,,,セックス
,,,,セレモニー
,,,,センス
,,,,ゼリー
,,,,ソース
,,,,ソックス
,,,,ソロ
,,,,タイトル
,,,,タイピスト
,,,,タイマー
,,,,タイミング
,,,,タイム
,,,,タイムリー
,,,,タイヤ
,,,,タイル
,,,,タレント
,,,,タワー
,,,,ダース
,,,,ダウン
,,,,ダブる
,,,,ダンプ
,,,,チームワーク
,,,,チェンジ
,,,,チャイム
,,,,チャンネル
,,,,ティッシュペーパー
,,,,テレックス
,,,,データ
,,,,デコレーション
,,,,デザート
,,,,デザイン
,,,,デッサン
,,,,デモンストレーション
,,,,トーン
,,,,トラブル
,,,,トランジスター
,,,,ドライ
,,,,ドライクリーニング
,,,,ドライバー
,,,,ドライブイン
,,,,ドリル
,,,,ナイター
,,,,ナプキン
,,,,ナンセンス
,,,,ニュー
,,,,ニュアンス
,,,,ネガ
,,,,ノイローゼ
,,,,ハンガー
,,,,バー
,,,,バッジ
,,,,バット
,,,,パジャマ
,,,,パチンコ
,,,,パトカー
,,,,パンク
,,,,ヒント
,,,,ビールス
,,,,ビジネス
,,,,ファイト
,,,,ファイル
,,,,ファン
,,,,フィルター
,,,,フェリー
,,,,フォーム
,,,,フロント
,,,,ブーツ
,,,,ブーム
,,,,ブザー
,,,,ブルー
,,,,ベース
,,,,ベスト
,,,,ベストセラー
,,,,ペア
,,,,ホース
,,,,ホール
,,,,ボイコット
,,,,ボルト
,,,,ポーズ
,,,,ポイント
,,,,ポジション
,,,,ポット
,,,,ポンプ
,,,,マーク
,,,,マスコミ
,,,,マッサージ
,,,,ミスプリント
,,,,ミセス
,,,,ミュージック
,,,,ミリ
,,,,ムード
,,,,メーカー
,,,,メッセージ
,,,,メディア
,,,,メロディー
,,,,モーテル
,,,,モニター
,,,,ヤング
,,,,ユニーク
,,,,ユニフォーム
,,,,ライス
,,,,ラベル
,,,,ランプ
,,,,ルーズ
,,,,ルール
,,,,レース
,,,,レギュラー
,,,,レクリエーション
,,,,レッスン
,,,,レディー
,,,,レバー
,,,,レンジ
,,,,レンタカー
,,,,レントゲン
,,,,ロープ
,,,,ローマ字
,,,,ロマンチック
,,,,ワット
